SQL> set pages 300;
SQL> select * from empbb02;

EMPNO ENAME      POS          BOSS HIREDATE         SAL     DEPTNO INCENTIVES   
----- ---------- ------------ ---- --------- ---------- ---------- ----------   
712   rickey     gm                01-JAN-98      10000         40          0   
735   lasorda    coach        712  10-JAN-98       2000         40          0   
707   bochy      coach        712  11-JAN-98       2000         40          0   
798   berra      coach        712  12-JAN-98       2000         40          0   
782   musial     right field  707  01-FEB-98      42000         20          0   
763   gehrig     first base   735  11-MAR-98      85000         10          0   
777   minoso     shortstop    735  05-MAY-98      85000         10       6000   
721   sandberg   second base  735  28-FEB-98      25000         10          0   
788   cey        third base   735  10-JAN-99      15000         10       8000   
744   brown      pitcher      798  18-OCT-99      40000         30       4000   
730   mays       center field 707  01-JAN-98     240000         20          0   
799   mungo      pitcher      798  10-MAR-00      20000         30      12000   
766   rodriguez  catcher      735  16-OCT-01     100000         50          0   
755   johnson    pitcher      798  08-NOV-98      50000         30          0   
720   williams   left field   707  05-JAN-99     150000         20          0   
7     mongo      pitcher      712  25-FEB-15          0         60          0   

16 rows selected.

SQL> 
SQL> select * from infobb02;

EMPNO FNAME      NICK            UNI     AVERAGE        ERA                     
----- ---------- --------------- ---- ---------- ----------                     
712   branch     No Nick         56            0          0                     
735   tommy      No Nick         62            0          0                     
707   bruce      No Nick         64          220          0                     
777   orestes    minnie          27          270         32                     
763   lou        iron horse      14          350          0                     
782   stan       the man         19          342          0                     
798   larry      yogi            66          290          0                     
788   ron        penguin         35          287          0                     
730   willie     say hey kid     12          325          0                     
755   randy      the big unit    8           123       2.15                     
744   mordecai   3 fingers       25          168       3.27                     
721   ryne       rhino           17          294          0                     
799   van lingle No Nick         31          230       2.82                     
720   ted        teddy ballgame  10          350          0                     
766   ivan       pudge           4           339          0                     
7     No Fname   No Nick         99         1000          0                     

16 rows selected.

SQL> 
SQL> select * from salsbb02;

     GRADE ROLE          LOSAL      HISAL                                       
---------- -------- ---------- ----------                                       
         1 staff          1000       5000                                       
         2 staff          5001      10000                                       
         1 hitter         5000      15000                                       
         2 hitter        15001      50000                                       
         3 hitter        50001     250000                                       
         1 pitcher        5000      25000                                       
         2 pitcher       25001     125000                                       

7 rows selected.

SQL> 
SQL> select * from deptbb02;

    DEPTNO DNAME    RESTAURANT      LOCATION                                    
---------- -------- --------------- ---------------                             
MOTTO                                                                           
--------------------------------------------------                              
        10 infield  Jade            Clairmont                                   
Lets play two!                                                                  
                                                                                
        20 outfield House of Pasta  Santee                                      
Alea iacta est                                                                  
                                                                                
        30 pitcher  Crab Shack      Pacific Beach                               
Semper paratus                                                                  
                                                                                
        40 staff    Burger King     Lakeside                                    
Experientia docet                                                               
                                                                                
        50 catchers Pinnacle Peak   Santee                                      
Non bastardi carborundum                                                        
                                                                                
        60 Security Bawarchi        Lo Jolla                                    
a bene placito                                                                  
                                                                                

6 rows selected.

SQL> 
SQL> spool off;
